id,category,issue,keywords,platform,description,do,dont,codeGood,codeBad,severity,source
ux-guidelines-1,Navigation,Smooth Scroll,,Web,Anchor links should scroll smoothly to target section,Use scroll-behavior: smooth on html element,Jump directly without transition,html { scroll-behavior: smooth; },<a href='#section'> without CSS,High,ux-guidelines.csv
ux-guidelines-2,Navigation,Sticky Navigation,,Web,Fixed nav should not obscure content,Add padding-top to body equal to nav height,Let nav overlap first section content,pt-20 (if nav is h-20),No padding compensation,Medium,ux-guidelines.csv
ux-guidelines-3,Navigation,Active State,,All,Current page/section should be visually indicated,Highlight active nav item with color/underline,No visual feedback on current location,text-primary border-b-2,All links same style,Medium,ux-guidelines.csv
ux-guidelines-4,Navigation,Back Button,,Mobile,Users expect back to work predictably,Preserve navigation history properly,Break browser/app back button behavior,history.pushState(),location.replace(),High,ux-guidelines.csv
ux-guidelines-5,Navigation,Deep Linking,,All,URLs should reflect current state for sharing,Update URL on state/view changes,Static URLs for dynamic content,Use query params or hash,Single URL for all states,Medium,ux-guidelines.csv
ux-guidelines-6,Navigation,Breadcrumbs,,Web,Show user location in site hierarchy,Use for sites with 3+ levels of depth,Use for flat single-level sites,Home > Category > Product,Only on deep nested pages,Low,ux-guidelines.csv
ux-guidelines-7,Animation,Excessive Motion,,All,Too many animations cause distraction and motion sickness,Animate 1-2 key elements per view maximum,Animate everything that moves,Single hero animation,animate-bounce on 5+ elements,High,ux-guidelines.csv
ux-guidelines-8,Animation,Duration Timing,,All,Animations should feel responsive not sluggish,Use 150-300ms for micro-interactions,Use animations longer than 500ms for UI,transition-all duration-200,duration-1000,Medium,ux-guidelines.csv
ux-guidelines-9,Animation,Reduced Motion,,All,Respect user's motion preferences,Check prefers-reduced-motion media query,Ignore accessibility motion settings,@media (prefers-reduced-motion: reduce),No motion query check,High,ux-guidelines.csv
ux-guidelines-10,Animation,Loading States,,All,Show feedback during async operations,Use skeleton screens or spinners,Leave UI frozen with no feedback,animate-pulse skeleton,Blank screen while loading,High,ux-guidelines.csv
ux-guidelines-11,Animation,Hover vs Tap,,All,Hover effects don't work on touch devices,Use click/tap for primary interactions,Rely only on hover for important actions,onClick handler,onMouseEnter only,High,ux-guidelines.csv
ux-guidelines-12,Animation,Continuous Animation,,All,Infinite animations are distracting,Use for loading indicators only,Use for decorative elements,animate-spin on loader,animate-bounce on icons,Medium,ux-guidelines.csv
ux-guidelines-13,Animation,Transform Performance,,Web,Some CSS properties trigger expensive repaints,Use transform and opacity for animations,Animate width/height/top/left properties,transform: translateY(),top: 10px animation,Medium,ux-guidelines.csv
ux-guidelines-14,Animation,Easing Functions,,All,Linear motion feels robotic,Use ease-out for entering ease-in for exiting,Use linear for UI transitions,ease-out,linear,Low,ux-guidelines.csv
ux-guidelines-15,Layout,Z-Index Management,,Web,Stacking context conflicts cause hidden elements,Define z-index scale system (10 20 30 50),Use arbitrary large z-index values,z-10 z-20 z-50,z-[9999],High,ux-guidelines.csv
ux-guidelines-16,Layout,Overflow Hidden,,Web,Hidden overflow can clip important content,Test all content fits within containers,Blindly apply overflow-hidden,overflow-auto with scroll,overflow-hidden truncating content,Medium,ux-guidelines.csv
ux-guidelines-17,Layout,Fixed Positioning,,Web,Fixed elements can overlap or be inaccessible,Account for safe areas and other fixed elements,Stack multiple fixed elements carelessly,Fixed nav + fixed bottom with gap,Multiple overlapping fixed elements,Medium,ux-guidelines.csv
ux-guidelines-18,Layout,Stacking Context,,Web,New stacking contexts reset z-index,Understand what creates new stacking context,Expect z-index to work across contexts,Parent with z-index isolates children,z-index: 9999 not working,Medium,ux-guidelines.csv
ux-guidelines-19,Layout,Content Jumping,,Web,Layout shift when content loads is jarring,Reserve space for async content,Let images/content push layout around,aspect-ratio or fixed height,No dimensions on images,High,ux-guidelines.csv
ux-guidelines-20,Layout,Viewport Units,,Web,100vh can be problematic on mobile browsers,Use dvh or account for mobile browser chrome,Use 100vh for full-screen mobile layouts,min-h-dvh or min-h-screen,h-screen on mobile,Medium,ux-guidelines.csv
ux-guidelines-21,Layout,Container Width,,Web,Content too wide is hard to read,Limit max-width for text content (65-75ch),Let text span full viewport width,max-w-prose or max-w-3xl,Full width paragraphs,Medium,ux-guidelines.csv
ux-guidelines-22,Touch,Touch Target Size,,Mobile,Small buttons are hard to tap accurately,Minimum 44x44px touch targets,Tiny clickable areas,min-h-[44px] min-w-[44px],w-6 h-6 buttons,High,ux-guidelines.csv
ux-guidelines-23,Touch,Touch Spacing,,Mobile,Adjacent touch targets need adequate spacing,Minimum 8px gap between touch targets,Tightly packed clickable elements,gap-2 between buttons,gap-0 or gap-1,Medium,ux-guidelines.csv
ux-guidelines-24,Touch,Gesture Conflicts,,Mobile,Custom gestures can conflict with system,Avoid horizontal swipe on main content,Override system gestures,Vertical scroll primary,Horizontal swipe carousel only,Medium,ux-guidelines.csv
ux-guidelines-25,Touch,Tap Delay,,Mobile,300ms tap delay feels laggy,Use touch-action CSS or fastclick,Default mobile tap handling,touch-action: manipulation,No touch optimization,Medium,ux-guidelines.csv
ux-guidelines-26,Touch,Pull to Refresh,,Mobile,Accidental refresh is frustrating,Disable where not needed,Enable by default everywhere,overscroll-behavior: contain,Default overscroll,Low,ux-guidelines.csv
ux-guidelines-27,Touch,Haptic Feedback,,Mobile,Tactile feedback improves interaction feel,Use for confirmations and important actions,Overuse vibration feedback,navigator.vibrate(10),Vibrate on every tap,Low,ux-guidelines.csv
ux-guidelines-28,Interaction,Focus States,,All,Keyboard users need visible focus indicators,Use visible focus rings on interactive elements,Remove focus outline without replacement,focus:ring-2 focus:ring-blue-500,outline-none without alternative,High,ux-guidelines.csv
ux-guidelines-29,Interaction,Hover States,,Web,Visual feedback on interactive elements,Change cursor and add subtle visual change,No hover feedback on clickable elements,hover:bg-gray-100 cursor-pointer,No hover style,Medium,ux-guidelines.csv
ux-guidelines-30,Interaction,Active States,,All,Show immediate feedback on press/click,Add pressed/active state visual change,No feedback during interaction,active:scale-95,No active state,Medium,ux-guidelines.csv
ux-guidelines-31,Interaction,Disabled States,,All,Clearly indicate non-interactive elements,Reduce opacity and change cursor,Confuse disabled with normal state,opacity-50 cursor-not-allowed,Same style as enabled,Medium,ux-guidelines.csv
ux-guidelines-32,Interaction,Loading Buttons,,All,Prevent double submission during async actions,Disable button and show loading state,Allow multiple clicks during processing,disabled={loading} spinner,Button clickable while loading,High,ux-guidelines.csv
ux-guidelines-33,Interaction,Error Feedback,,All,Users need to know when something fails,Show clear error messages near problem,Silent failures with no feedback,Red border + error message,No indication of error,High,ux-guidelines.csv
ux-guidelines-34,Interaction,Success Feedback,,All,Confirm successful actions to users,Show success message or visual change,No confirmation of completed action,Toast notification or checkmark,Action completes silently,Medium,ux-guidelines.csv
ux-guidelines-35,Interaction,Confirmation Dialogs,,All,Prevent accidental destructive actions,Confirm before delete/irreversible actions,Delete without confirmation,Are you sure modal,Direct delete on click,High,ux-guidelines.csv
ux-guidelines-36,Accessibility,Color Contrast,,All,Text must be readable against background,Minimum 4.5:1 ratio for normal text,Low contrast text,#333 on white (7:1),#999 on white (2.8:1),High,ux-guidelines.csv
ux-guidelines-37,Accessibility,Color Only,,All,Don't convey information by color alone,Use icons/text in addition to color,Red/green only for error/success,Red text + error icon,Red border only for error,High,ux-guidelines.csv
ux-guidelines-38,Accessibility,Alt Text,,All,Images need text alternatives,Descriptive alt text for meaningful images,Empty or missing alt attributes,alt='Dog playing in park',alt='' for content images,High,ux-guidelines.csv
ux-guidelines-39,Accessibility,Heading Hierarchy,,Web,Screen readers use headings for navigation,Use sequential heading levels h1-h6,Skip heading levels or misuse for styling,h1 then h2 then h3,h1 then h4,Medium,ux-guidelines.csv
ux-guidelines-40,Accessibility,ARIA Labels,,All,Interactive elements need accessible names,Add aria-label for icon-only buttons,Icon buttons without labels,aria-label='Close menu',<button><Icon/></button>,High,ux-guidelines.csv
ux-guidelines-41,Accessibility,Keyboard Navigation,,Web,All functionality accessible via keyboard,Tab order matches visual order,Keyboard traps or illogical tab order,tabIndex for custom order,Unreachable elements,High,ux-guidelines.csv
ux-guidelines-42,Accessibility,Screen Reader,,All,Content should make sense when read aloud,Use semantic HTML and ARIA properly,Div soup with no semantics,<nav> <main> <article>,<div> for everything,Medium,ux-guidelines.csv
ux-guidelines-43,Accessibility,Form Labels,,All,Inputs must have associated labels,Use label with for attribute or wrap input,Placeholder-only inputs,<label for='email'>,placeholder='Email' only,High,ux-guidelines.csv
ux-guidelines-44,Accessibility,Error Messages,,All,Error messages must be announced,Use aria-live or role=alert for errors,Visual-only error indication,role='alert',Red border only,High,ux-guidelines.csv
ux-guidelines-45,Accessibility,Skip Links,,Web,Allow keyboard users to skip navigation,Provide skip to main content link,No skip link on nav-heavy pages,Skip to main content link,100 tabs to reach content,Medium,ux-guidelines.csv
ux-guidelines-46,Performance,Image Optimization,,All,Large images slow page load,Use appropriate size and format (WebP),Unoptimized full-size images,srcset with multiple sizes,4000px image for 400px display,High,ux-guidelines.csv
ux-guidelines-47,Performance,Lazy Loading,,All,Load content as needed,Lazy load below-fold images and content,Load everything upfront,loading='lazy',All images eager load,Medium,ux-guidelines.csv
ux-guidelines-48,Performance,Code Splitting,,Web,Large bundles slow initial load,Split code by route/feature,Single large bundle,dynamic import(),All code in main bundle,Medium,ux-guidelines.csv
ux-guidelines-49,Performance,Caching,,Web,Repeat visits should be fast,Set appropriate cache headers,No caching strategy,Cache-Control headers,Every request hits server,Medium,ux-guidelines.csv
ux-guidelines-50,Performance,Font Loading,,Web,Web fonts can block rendering,Use font-display swap or optional,Invisible text during font load,font-display: swap,FOIT (Flash of Invisible Text),Medium,ux-guidelines.csv
ux-guidelines-51,Performance,Third Party Scripts,,Web,External scripts can block rendering,Load non-critical scripts async/defer,Synchronous third-party scripts,async or defer attribute,<script src='...'> in head,Medium,ux-guidelines.csv
ux-guidelines-52,Performance,Bundle Size,,Web,Large JavaScript slows interaction,Monitor and minimize bundle size,Ignore bundle size growth,Bundle analyzer,No size monitoring,Medium,ux-guidelines.csv
ux-guidelines-53,Performance,Render Blocking,,Web,CSS/JS can block first paint,Inline critical CSS defer non-critical,Large blocking CSS files,Critical CSS inline,All CSS in head,Medium,ux-guidelines.csv
ux-guidelines-54,Forms,Input Labels,,All,Every input needs a visible label,Always show label above or beside input,Placeholder as only label,<label>Email</label><input>,placeholder='Email' only,High,ux-guidelines.csv
ux-guidelines-55,Forms,Error Placement,,All,Errors should appear near the problem,Show error below related input,Single error message at top of form,Error under each field,All errors at form top,Medium,ux-guidelines.csv
ux-guidelines-56,Forms,Inline Validation,,All,Validate as user types or on blur,Validate on blur for most fields,Validate only on submit,onBlur validation,Submit-only validation,Medium,ux-guidelines.csv
ux-guidelines-57,Forms,Input Types,,All,Use appropriate input types,Use email tel number url etc,Text input for everything,type='email',type='text' for email,Medium,ux-guidelines.csv
ux-guidelines-58,Forms,Autofill Support,,Web,Help browsers autofill correctly,Use autocomplete attribute properly,Block or ignore autofill,autocomplete='email',autocomplete='off' everywhere,Medium,ux-guidelines.csv
ux-guidelines-59,Forms,Required Indicators,,All,Mark required fields clearly,Use asterisk or (required) text,No indication of required fields,* required indicator,Guess which are required,Medium,ux-guidelines.csv
ux-guidelines-60,Forms,Password Visibility,,All,Let users see password while typing,Toggle to show/hide password,No visibility toggle,Show/hide password button,Password always hidden,Medium,ux-guidelines.csv
ux-guidelines-61,Forms,Submit Feedback,,All,Confirm form submission status,Show loading then success/error state,No feedback after submit,Loading -> Success message,Button click with no response,High,ux-guidelines.csv
ux-guidelines-62,Forms,Input Affordance,,All,Inputs should look interactive,Use distinct input styling,Inputs that look like plain text,Border/background on inputs,Borderless inputs,Medium,ux-guidelines.csv
ux-guidelines-63,Forms,Mobile Keyboards,,Mobile,Show appropriate keyboard for input type,Use inputmode attribute,Default keyboard for all inputs,inputmode='numeric',Text keyboard for numbers,Medium,ux-guidelines.csv
ux-guidelines-64,Responsive,Mobile First,,Web,Design for mobile then enhance for larger,Start with mobile styles then add breakpoints,Desktop-first causing mobile issues,Default mobile + md: lg: xl:,Desktop default + max-width queries,Medium,ux-guidelines.csv
ux-guidelines-65,Responsive,Breakpoint Testing,,Web,Test at all common screen sizes,Test at 320 375 414 768 1024 1440,Only test on your device,Multiple device testing,Single device development,Medium,ux-guidelines.csv
ux-guidelines-66,Responsive,Touch Friendly,,Web,Mobile layouts need touch-sized targets,Increase touch targets on mobile,Same tiny buttons on mobile,Larger buttons on mobile,Desktop-sized targets on mobile,High,ux-guidelines.csv
ux-guidelines-67,Responsive,Readable Font Size,,All,Text must be readable on all devices,Minimum 16px body text on mobile,Tiny text on mobile,text-base or larger,text-xs for body text,High,ux-guidelines.csv
ux-guidelines-68,Responsive,Viewport Meta,,Web,Set viewport for mobile devices,Use width=device-width initial-scale=1,Missing or incorrect viewport,<meta name='viewport'...>,No viewport meta tag,High,ux-guidelines.csv
ux-guidelines-69,Responsive,Horizontal Scroll,,Web,Avoid horizontal scrolling,Ensure content fits viewport width,Content wider than viewport,max-w-full overflow-x-hidden,Horizontal scrollbar on mobile,High,ux-guidelines.csv
ux-guidelines-70,Responsive,Image Scaling,,Web,Images should scale with container,Use max-width: 100% on images,Fixed width images overflow,max-w-full h-auto,width='800' fixed,Medium,ux-guidelines.csv
ux-guidelines-71,Responsive,Table Handling,,Web,Tables can overflow on mobile,Use horizontal scroll or card layout,Wide tables breaking layout,overflow-x-auto wrapper,Table overflows viewport,Medium,ux-guidelines.csv
ux-guidelines-72,Typography,Line Height,,All,Adequate line height improves readability,Use 1.5-1.75 for body text,Cramped or excessive line height,leading-relaxed (1.625),leading-none (1),Medium,ux-guidelines.csv
ux-guidelines-73,Typography,Line Length,,Web,Long lines are hard to read,Limit to 65-75 characters per line,Full-width text on large screens,max-w-prose,Full viewport width text,Medium,ux-guidelines.csv
ux-guidelines-74,Typography,Font Size Scale,,All,Consistent type hierarchy aids scanning,Use consistent modular scale,Random font sizes,Type scale (12 14 16 18 24 32),Arbitrary sizes,Medium,ux-guidelines.csv
ux-guidelines-75,Typography,Font Loading,,Web,Fonts should load without layout shift,Reserve space with fallback font,Layout shift when fonts load,font-display: swap + similar fallback,No fallback font,Medium,ux-guidelines.csv
ux-guidelines-76,Typography,Contrast Readability,,All,Body text needs good contrast,Use darker text on light backgrounds,Gray text on gray background,text-gray-900 on white,text-gray-400 on gray-100,High,ux-guidelines.csv
ux-guidelines-77,Typography,Heading Clarity,,All,Headings should stand out from body,Clear size/weight difference,Headings similar to body text,Bold + larger size,Same size as body,Medium,ux-guidelines.csv
ux-guidelines-78,Feedback,Loading Indicators,,All,Show system status during waits,Show spinner/skeleton for operations > 300ms,No feedback during loading,Skeleton or spinner,Frozen UI,High,ux-guidelines.csv
ux-guidelines-79,Feedback,Empty States,,All,Guide users when no content exists,Show helpful message and action,Blank empty screens,No items yet. Create one!,Empty white space,Medium,ux-guidelines.csv
ux-guidelines-80,Feedback,Error Recovery,,All,Help users recover from errors,Provide clear next steps,Error without recovery path,Try again button + help link,Error message only,Medium,ux-guidelines.csv
ux-guidelines-81,Feedback,Progress Indicators,,All,Show progress for multi-step processes,Step indicators or progress bar,No indication of progress,Step 2 of 4 indicator,No step information,Medium,ux-guidelines.csv
ux-guidelines-82,Feedback,Toast Notifications,,All,Transient messages for non-critical info,Auto-dismiss after 3-5 seconds,Toasts that never disappear,Auto-dismiss toast,Persistent toast,Medium,ux-guidelines.csv
ux-guidelines-83,Feedback,Confirmation Messages,,All,Confirm successful actions,Brief success message,Silent success,Saved successfully toast,No confirmation,Medium,ux-guidelines.csv
ux-guidelines-84,Content,Truncation,,All,Handle long content gracefully,Truncate with ellipsis and expand option,Overflow or broken layout,line-clamp-2 with expand,Overflow or cut off,Medium,ux-guidelines.csv
ux-guidelines-85,Content,Date Formatting,,All,Use locale-appropriate date formats,Use relative or locale-aware dates,Ambiguous date formats,2 hours ago or locale format,01/02/03,Low,ux-guidelines.csv
ux-guidelines-86,Content,Number Formatting,,All,Format large numbers for readability,Use thousand separators or abbreviations,Long unformatted numbers,"1.2K or 1,234",1234567,Low,ux-guidelines.csv
ux-guidelines-87,Content,Placeholder Content,,All,Show realistic placeholders during dev,Use realistic sample data,Lorem ipsum everywhere,Real sample content,Lorem ipsum,Low,ux-guidelines.csv
ux-guidelines-88,Onboarding,User Freedom,,All,Users should be able to skip tutorials,Provide Skip and Back buttons,Force linear unskippable tour,Skip Tutorial button,Locked overlay until finished,Medium,ux-guidelines.csv
ux-guidelines-89,Search,Autocomplete,,Web,Help users find results faster,Show predictions as user types,Require full type and enter,Debounced fetch + dropdown,No suggestions,Medium,ux-guidelines.csv
ux-guidelines-90,Search,No Results,,Web,Dead ends frustrate users,Show 'No results' with suggestions,Blank screen or '0 results',Try searching for X instead,No results found.,Medium,ux-guidelines.csv
ux-guidelines-91,Data Entry,Bulk Actions,,Web,Editing one by one is tedious,Allow multi-select and bulk edit,Single row actions only,Checkbox column + Action bar,Repeated actions per row,Low,ux-guidelines.csv
ux-guidelines-92,AI Interaction,Disclaimer,,All,Users need to know they talk to AI,Clearly label AI generated content,Present AI as human,AI Assistant label,Fake human name without label,High,ux-guidelines.csv
ux-guidelines-93,AI Interaction,Streaming,,All,Waiting for full text is slow,Stream text response token by token,Show loading spinner for 10s+,Typewriter effect,Spinner until 100% complete,Medium,ux-guidelines.csv
ux-guidelines-94,Spatial UI,Gaze Hover,,VisionOS,Elements should respond to eye tracking before pinch,Scale/highlight element on look,Static element until pinch,hoverEffect(),onTap only,High,ux-guidelines.csv
ux-guidelines-95,Spatial UI,Depth Layering,,VisionOS,UI needs Z-depth to separate content from environment,Use glass material and z-offset,Flat opaque panels blocking view,.glassBackgroundEffect(),bg-white,Medium,ux-guidelines.csv
ux-guidelines-96,Sustainability,Auto-Play Video,,Web,Video consumes massive data and energy,Click-to-play or pause when off-screen,Auto-play high-res video loops,playsInline muted preload='none',autoplay loop,Medium,ux-guidelines.csv
ux-guidelines-97,Sustainability,Asset Weight,,Web,Heavy 3D/Image assets increase carbon footprint,Compress and lazy load 3D models,Load 50MB textures,Draco compression,Raw .obj files,Medium,ux-guidelines.csv
ux-guidelines-98,AI Interaction,Feedback Loop,,All,AI needs user feedback to improve,Thumps up/down or 'Regenerate',Static output only,Feedback component,Read-only text,Low,ux-guidelines.csv
ux-guidelines-99,Accessibility,Motion Sensitivity,,All,Parallax/Scroll-jacking causes nausea,Respect prefers-reduced-motion,Force scroll effects,@media (prefers-reduced-motion),ScrollTrigger.create(),High,ux-guidelines.csv
web-interface-1,Accessibility,Icon Button Labels,icon button aria-label,Web,Icon-only buttons must have accessible names,Add aria-label to icon buttons,Icon button without label,<button aria-label='Close'><XIcon /></button>,<button><XIcon /></button>,Critical,web-interface.csv
web-interface-2,Accessibility,Form Control Labels,form input label aria,Web,All form controls need labels or aria-label,Use label element or aria-label,Input without accessible name,<label for='email'>Email</label><input id='email' />,<input placeholder='Email' />,Critical,web-interface.csv
web-interface-3,Accessibility,Keyboard Handlers,keyboard onclick onkeydown,Web,Interactive elements must support keyboard interaction,Add onKeyDown alongside onClick,Click-only interaction,<div onClick={fn} onKeyDown={fn} tabIndex={0}>,<div onClick={fn}>,High,web-interface.csv
web-interface-4,Accessibility,Semantic HTML,semantic button a label,Web,Use semantic HTML before ARIA attributes,Use button/a/label elements,Div with role attribute,<button onClick={fn}>Submit</button>,<div role='button' onClick={fn}>Submit</div>,High,web-interface.csv
web-interface-5,Accessibility,Aria Live,aria-live polite async,Web,Async updates need aria-live for screen readers,Add aria-live='polite' for dynamic content,Silent async updates,<div aria-live='polite'>{status}</div>,<div>{status}</div> // no announcement,Medium,web-interface.csv
web-interface-6,Accessibility,Decorative Icons,aria-hidden decorative icon,Web,Decorative icons should be hidden from screen readers,Add aria-hidden='true' to decorative icons,Decorative icon announced,<Icon aria-hidden='true' />,<Icon /> // announced as 'image',Medium,web-interface.csv
web-interface-7,Focus,Visible Focus States,focus-visible outline ring,Web,All interactive elements need visible focus states,Use :focus-visible with ring/outline,No focus indication,focus-visible:ring-2 focus-visible:ring-blue-500,outline-none // no replacement,Critical,web-interface.csv
web-interface-8,Focus,Never Remove Outline,outline-none focus replacement,Web,Never remove outline without providing replacement,Replace outline with visible alternative,Remove outline completely,focus:outline-none focus:ring-2,focus:outline-none // nothing else,Critical,web-interface.csv
web-interface-9,Focus,Checkbox Radio Hit Target,checkbox radio label target,Web,Checkbox/radio must share hit target with label,Wrap input and label together,Separate tiny checkbox,<label class='flex gap-2'><input type='checkbox' /><span>Option</span></label>,<input type='checkbox' id='x' /><label for='x'>Option</label>,Medium,web-interface.csv
web-interface-10,Forms,Autocomplete Attribute,autocomplete input form,Web,Inputs need autocomplete attribute for autofill,Add appropriate autocomplete value,Missing autocomplete,<input autocomplete='email' type='email' />,<input type='email' />,High,web-interface.csv
web-interface-11,Forms,Semantic Input Types,input type email tel url,Web,Use semantic input type attributes,Use email/tel/url/number types,text type for everything,<input type='email' />,<input type='text' /> // for email,Medium,web-interface.csv
web-interface-12,Forms,Never Block Paste,paste onpaste password,Web,Never prevent paste functionality,Allow paste on all inputs,Block paste on password/code,<input type='password' />,<input onPaste={e => e.preventDefault()} />,High,web-interface.csv
web-interface-13,Forms,Spellcheck Disable,spellcheck email code,Web,Disable spellcheck on emails and codes,Set spellcheck='false' on codes,Spellcheck on technical input,<input spellCheck='false' type='email' />,<input type='email' /> // red squiggles,Low,web-interface.csv
web-interface-14,Forms,Submit Button Enabled,submit button disabled loading,Web,Keep submit enabled and show spinner during requests,Show loading spinner keep enabled,Disable button during submit,<button>{loading ? <Spinner /> : 'Submit'}</button>,<button disabled={loading}>Submit</button>,Medium,web-interface.csv
web-interface-15,Forms,Inline Errors,error message inline focus,Web,Show error messages inline near the problem field,Inline error with focus on first error,Single error at top,<input /><span class='text-red-500'>{error}</span>,<div class='error'>{allErrors}</div> // at top,High,web-interface.csv
web-interface-16,Performance,Virtualize Lists,virtualize list 50 items,Web,Virtualize lists exceeding 50 items,Use virtual list for large datasets,Render all items,<VirtualList items={items} />,items.map(item => <Item />),High,web-interface.csv
web-interface-17,Performance,Avoid Layout Reads,layout read render getboundingclientrect,Web,Avoid layout reads during render phase,Read layout in effects or callbacks,getBoundingClientRect in render,useEffect(() => { el.getBoundingClientRect() }),const rect = el.getBoundingClientRect() // in render,Medium,web-interface.csv
web-interface-18,Performance,Batch DOM Operations,batch dom write read,Web,Group DOM operations to minimize reflows,Batch writes then reads,Interleave reads and writes,writes.forEach(w => w()); reads.forEach(r => r()),write(); read(); write(); read(); // thrashing,Medium,web-interface.csv
web-interface-19,Performance,Preconnect CDN,preconnect link cdn,Web,Add preconnect links for CDN domains,Preconnect to known domains,<link rel='preconnect' href='https://cdn.example.com' />,// no preconnect hint,Low,MEDIUM,web-interface.csv
web-interface-20,Performance,Lazy Load Images,lazy loading image below-fold,Web,Lazy-load images below the fold,Use loading='lazy' for below-fold images,Load all images eagerly,<img loading='lazy' src='...' />,<img src='...' /> // above fold only,Medium,web-interface.csv
web-interface-21,State,URL Reflects State,url state query params,Web,URL should reflect current UI state,Sync filters/tabs/pagination to URL,State only in memory,?tab=settings&page=2,useState only // lost on refresh,High,web-interface.csv
web-interface-22,State,Deep Linking,deep link stateful component,Web,Stateful components should support deep-linking,Enable sharing current view via URL,No shareable state,router.push({ query: { ...filters } }),setFilters(f) // not in URL,Medium,web-interface.csv
web-interface-23,State,Confirm Destructive Actions,confirm destructive delete modal,Web,Destructive actions require confirmation,Show confirmation dialog before delete,Delete without confirmation,if (confirm('Delete?')) delete(),onClick={delete} // no confirmation,High,web-interface.csv
web-interface-24,Typography,Proper Unicode,unicode ellipsis quotes,Web,Use proper Unicode characters,Use ... curly quotes proper dashes,ASCII approximations,'Hello...' with proper ellipsis,'Hello...' with three dots,Low,web-interface.csv
web-interface-25,Typography,Text Overflow,truncate line-clamp overflow,Web,Handle text overflow properly,Use truncate/line-clamp/break-words,Text overflows container,<p class='truncate'>Long text...</p>,<p>Long text...</p> // overflows,Medium,web-interface.csv
web-interface-26,Typography,Non-Breaking Spaces,nbsp unit brand,Web,Use non-breaking spaces for units and brand names,Use &nbsp; between number and unit,10&nbsp;kg or Next.js&nbsp;14,10 kg // may wrap,Low,MEDIUM,web-interface.csv
web-interface-27,Anti-Pattern,No Zoom Disable,viewport zoom disable,Web,Never disable zoom in viewport meta,Allow user zoom,<meta name='viewport' content='width=device-width'>,<meta name='viewport' content='maximum-scale=1'>,Critical,MEDIUM,web-interface.csv
web-interface-28,Anti-Pattern,No Transition All,transition all specific,Web,Avoid transition: all - specify properties,Transition specific properties,transition: all,transition-colors duration-200,transition-all duration-200,Medium,web-interface.csv
web-interface-29,Anti-Pattern,Outline Replacement,outline-none ring focus,Web,Never use outline-none without replacement,Provide visible focus replacement,Remove outline with nothing,focus:outline-none focus:ring-2 focus:ring-blue-500,focus:outline-none // alone,Critical,web-interface.csv
web-interface-30,Anti-Pattern,No Hardcoded Dates,date format intl locale,Web,Use Intl for date/number formatting,Use Intl.DateTimeFormat,Hardcoded date format,new Intl.DateTimeFormat('en').format(date),date.toLocaleDateString() // or manual format,Medium,web-interface.csv
react-performance-1,Async Waterfall,Defer Await,async await defer branch,React/Next.js,Move await into branches where actually used to avoid blocking unused code paths,Move await operations into branches where they're needed,Await at top of function blocking all branches,if (skip) return { skipped: true }; const data = await fetch(),const data = await fetch(); if (skip) return { skipped: true },Critical,react-performance.csv
react-performance-2,Async Waterfall,Promise.all Parallel,promise all parallel concurrent,React/Next.js,Execute independent async operations concurrently using Promise.all(),Use Promise.all() for independent operations,Sequential await for independent operations,"const [user, posts] = await Promise.all([fetchUser(), fetchPosts()])",const user = await fetchUser(); const posts = await fetchPosts(),Critical,react-performance.csv
react-performance-3,Async Waterfall,Dependency Parallelization,better-all dependency parallel,React/Next.js,Use better-all for operations with partial dependencies to maximize parallelism,Use better-all to start each task at earliest possible moment,Wait for unrelated data before starting dependent fetch,"await all({ user() {}, config() {}, profile() { return fetch((await this.$.user).id) } })","const [user, config] = await Promise.all([...]); const profile = await fetchProfile(user.id)",Critical,react-performance.csv
react-performance-4,Async Waterfall,API Route Optimization,api route waterfall promise,React/Next.js,In API routes start independent operations immediately even if not awaited yet,Start promises early and await late,Sequential awaits in API handlers,const sessionP = auth(); const configP = fetchConfig(); const session = await sessionP,const session = await auth(); const config = await fetchConfig(),Critical,react-performance.csv
react-performance-5,Async Waterfall,Suspense Boundaries,suspense streaming boundary,React/Next.js,Use Suspense to show wrapper UI faster while data loads,Wrap async components in Suspense boundaries,Await data blocking entire page render,<Suspense fallback={<Skeleton />}><DataDisplay /></Suspense>,const data = await fetchData(); return <DataDisplay data={data} />,High,react-performance.csv
react-performance-6,Bundle Size,Barrel Imports,barrel import direct path,React/Next.js,Import directly from source files instead of barrel files to avoid loading unused modules,Import directly from source path,Import from barrel/index files,import Check from 'lucide-react/dist/esm/icons/check',import { Check } from 'lucide-react',Critical,react-performance.csv
react-performance-7,Bundle Size,Dynamic Imports,dynamic import lazy next,React/Next.js,Use next/dynamic to lazy-load large components not needed on initial render,Use dynamic() for heavy components,Import heavy components at top level,"const Monaco = dynamic(() => import('./monaco'), { ssr: false })",import { MonacoEditor } from './monaco-editor',Critical,react-performance.csv
react-performance-8,Bundle Size,Defer Third Party,analytics defer third-party,React/Next.js,Load analytics and logging after hydration since they don't block interaction,Load non-critical scripts after hydration,Include analytics in main bundle,"const Analytics = dynamic(() => import('@vercel/analytics'), { ssr: false })",import { Analytics } from '@vercel/analytics/react',Medium,react-performance.csv
react-performance-9,Bundle Size,Conditional Loading,conditional module lazy,React/Next.js,Load large data or modules only when a feature is activated,Dynamic import when feature enabled,Import large modules unconditionally,"useEffect(() => { if (enabled) import('./heavy.js') }, [enabled])",import { heavyData } from './heavy.js',High,react-performance.csv
react-performance-10,Bundle Size,Preload Intent,preload hover focus intent,React/Next.js,Preload heavy bundles on hover/focus before they're needed,Preload on user intent signals,Load only on click,onMouseEnter={() => import('./editor')},onClick={() => import('./editor')},Medium,react-performance.csv
react-performance-11,Server,React.cache Dedup,react cache deduplicate request,React/Next.js,Use React.cache() for server-side request deduplication within single request,Wrap data fetchers with cache(),Fetch same data multiple times in tree,export const getUser = cache(async () => await db.user.find()),export async function getUser() { return await db.user.find() },Medium,react-performance.csv
react-performance-12,Server,LRU Cache Cross-Request,lru cache cross request,React/Next.js,Use LRU cache for data shared across sequential requests,Use LRU for cross-request caching,Refetch same data on every request,"const cache = new LRUCache({ max: 1000, ttl: 5*60*1000 })",Always fetch from database,High,react-performance.csv
react-performance-13,Server,Minimize Serialization,serialization rsc boundary,React/Next.js,Only pass fields that client actually uses across RSC boundaries,Pass only needed fields to client components,Pass entire objects to client,<Profile name={user.name} />,<Profile user={user} /> // 50 fields serialized,High,react-performance.csv
react-performance-14,Server,Parallel Fetching,parallel fetch component composition,React/Next.js,Restructure components to parallelize data fetching in RSC,Use component composition for parallel fetches,Sequential fetches in parent component,<Header /><Sidebar /> // both fetch in parallel,const header = await fetchHeader(); return <><div>{header}</div><Sidebar /></>,Critical,react-performance.csv
react-performance-15,Server,After Non-blocking,after non-blocking logging,React/Next.js,Use Next.js after() to schedule work after response is sent,Use after() for logging/analytics,Block response for non-critical operations,after(async () => { await logAction() }); return Response.json(data),await logAction(); return Response.json(data),Medium,react-performance.csv
react-performance-16,Client,SWR Deduplication,swr dedup cache revalidate,React/Next.js,Use SWR for automatic request deduplication and caching,Use useSWR for client data fetching,Manual fetch in useEffect,"const { data } = useSWR('/api/users', fetcher)","useEffect(() => { fetch('/api/users').then(setUsers) }, [])",Medium-High,react-performance.csv
react-performance-17,Client,Event Listener Dedup,event listener deduplicate global,React/Next.js,Share global event listeners across component instances,Use useSWRSubscription for shared listeners,Register listener per component instance,"useSWRSubscription('global-keydown', () => { window.addEventListener... })","useEffect(() => { window.addEventListener('keydown', handler) }, [])",Low,react-performance.csv
react-performance-18,Rerender,Defer State Reads,state read callback subscription,React/Next.js,Don't subscribe to state only used in callbacks,Read state on-demand in callbacks,Subscribe to state used only in handlers,const handleClick = () => { const params = new URLSearchParams(location.search) },const params = useSearchParams(); const handleClick = () => { params.get('ref') },Medium,react-performance.csv
react-performance-19,Rerender,Memoized Components,memo extract expensive,React/Next.js,Extract expensive work into memoized components for early returns,Extract to memo() components,Compute expensive values before early return,const UserAvatar = memo(({ user }) => ...); if (loading) return <Skeleton />,const avatar = useMemo(() => compute(user)); if (loading) return <Skeleton />,Medium,react-performance.csv
react-performance-20,Rerender,Narrow Dependencies,effect dependency primitive,React/Next.js,Specify primitive dependencies instead of objects in effects,Use primitive values in dependency arrays,Use object references as dependencies,"useEffect(() => { console.log(user.id) }, [user.id])","useEffect(() => { console.log(user.id) }, [user])",Low,react-performance.csv
react-performance-21,Rerender,Derived State,derived boolean subscription,React/Next.js,Subscribe to derived booleans instead of continuous values,Use derived boolean state,Subscribe to continuous values,const isMobile = useMediaQuery('(max-width: 767px)'),const width = useWindowWidth(); const isMobile = width < 768,Medium,react-performance.csv
react-performance-22,Rerender,Functional setState,functional setstate callback,React/Next.js,Use functional setState updates for stable callbacks and no stale closures,Use functional form: setState(curr => ...),Reference state directly in setState,"setItems(curr => [...curr, newItem])","setItems([...items, newItem]) // items in deps",Medium,react-performance.csv
react-performance-23,Rerender,Lazy State Init,usestate lazy initialization,React/Next.js,Pass function to useState for expensive initial values,Use function form for expensive init,Compute expensive value directly,useState(() => buildSearchIndex(items)),useState(buildSearchIndex(items)) // runs every render,Medium,react-performance.csv
react-performance-24,Rerender,Transitions,starttransition non-urgent,React/Next.js,Mark frequent non-urgent state updates as transitions,Use startTransition for non-urgent updates,Block UI on every state change,startTransition(() => setScrollY(window.scrollY)),setScrollY(window.scrollY) // blocks on every scroll,Medium,react-performance.csv
react-performance-25,Rendering,SVG Animation Wrapper,svg animation wrapper div,React/Next.js,Wrap SVG in div and animate wrapper for hardware acceleration,Animate div wrapper around SVG,Animate SVG element directly,<div class='animate-spin'><svg>...</svg></div>,<svg class='animate-spin'>...</svg>,Low,react-performance.csv
react-performance-26,Rendering,Content Visibility,content-visibility auto,React/Next.js,Apply content-visibility: auto to defer off-screen rendering,Use content-visibility for long lists,Render all list items immediately,.item { content-visibility: auto; contain-intrinsic-size: 0 80px },Render 1000 items without optimization,High,react-performance.csv
react-performance-27,Rendering,Hoist Static JSX,hoist static jsx element,React/Next.js,Extract static JSX outside components to avoid re-creation,Hoist static elements to module scope,Create static elements inside components,const skeleton = <div class='animate-pulse' />; function C() { return skeleton },function C() { return <div class='animate-pulse' /> },Low,react-performance.csv
react-performance-28,Rendering,Hydration No Flicker,hydration mismatch flicker,React/Next.js,Use inline script to set client-only data before hydration,Inject sync script for client-only values,Use useEffect causing flash,<script dangerouslySetInnerHTML={{ __html: 'el.className = localStorage.theme' }} />,"useEffect(() => setTheme(localStorage.theme), []) // flickers",Medium,react-performance.csv
react-performance-29,Rendering,Conditional Render,conditional render ternary,React/Next.js,Use ternary instead of && when condition can be 0 or NaN,Use explicit ternary for conditionals,Use && with potentially falsy numbers,{count > 0 ? <Badge>{count}</Badge> : null},{count && <Badge>{count}</Badge>} // renders '0',Low,react-performance.csv
react-performance-30,Rendering,Activity Component,activity show hide preserve,React/Next.js,Use Activity component to preserve state/DOM for toggled components,Use Activity for expensive toggle components,Unmount/remount on visibility toggle,<Activity mode={isOpen ? 'visible' : 'hidden'}><Menu /></Activity>,{isOpen && <Menu />} // loses state,Medium,react-performance.csv
react-performance-31,JS Perf,Batch DOM CSS,batch dom css reflow,React/Next.js,Group CSS changes via classes or cssText to minimize reflows,Use class toggle or cssText,Change styles one property at a time,element.classList.add('highlighted'),el.style.width='100px'; el.style.height='200px',Medium,react-performance.csv
react-performance-32,JS Perf,Index Map Lookup,map index lookup find,React/Next.js,Build Map for repeated lookups instead of multiple .find() calls,Build index Map for O(1) lookups,Use .find() in loops,"const byId = new Map(users.map(u => [u.id, u])); byId.get(id)",users.find(u => u.id === order.userId) // O(n) each time,Low-Medium,react-performance.csv
react-performance-33,JS Perf,Cache Property Access,cache property loop,React/Next.js,Cache object property lookups in hot paths,Cache values before loops,Access nested properties in loops,const val = obj.config.settings.value; for (...) process(val),for (...) process(obj.config.settings.value),Low-Medium,react-performance.csv
react-performance-34,JS Perf,Cache Function Results,memoize cache function,React/Next.js,Use module-level Map to cache repeated function results,Use Map cache for repeated calls,Recompute same values repeatedly,const cache = new Map(); if (cache.has(x)) return cache.get(x),slugify(name) // called 100 times same input,Medium,react-performance.csv
react-performance-35,JS Perf,Cache Storage API,localstorage cache read,React/Next.js,Cache localStorage/sessionStorage reads in memory,Cache storage reads in Map,Read storage on every call,"if (!cache.has(key)) cache.set(key, localStorage.getItem(key))",localStorage.getItem('theme') // every call,Low-Medium,react-performance.csv
react-performance-36,JS Perf,Combine Iterations,combine filter map loop,React/Next.js,Combine multiple filter/map into single loop,Single loop for multiple categorizations,Chain multiple filter() calls,for (u of users) { if (u.isAdmin) admins.push(u); if (u.isTester) testers.push(u) },users.filter(admin); users.filter(tester); users.filter(inactive),Low-Medium,react-performance.csv
react-performance-37,JS Perf,Length Check First,length check array compare,React/Next.js,Check array lengths before expensive comparisons,Early return if lengths differ,Always run expensive comparison,if (a.length !== b.length) return true; // then compare,a.sort().join() !== b.sort().join() // even when lengths differ,Medium-High,react-performance.csv
react-performance-38,JS Perf,Early Return,early return exit function,React/Next.js,Return early when result is determined to skip processing,Return immediately on first error,Process all items then check errors,for (u of users) { if (!u.email) return { error: 'Email required' } },let hasError; for (...) { if (!email) hasError=true }; if (hasError)...,Low-Medium,react-performance.csv
react-performance-39,JS Perf,Hoist RegExp,regexp hoist module,React/Next.js,Don't create RegExp inside render - hoist or memoize,Hoist RegExp to module scope,Create RegExp every render,const EMAIL_RE = /^[^@]+@[^@]+$/; function validate() { EMAIL_RE.test(x) },function C() { const re = new RegExp(pattern); re.test(x) },Low-Medium,react-performance.csv
react-performance-40,JS Perf,Loop Min Max,loop min max sort,React/Next.js,Use loop for min/max instead of sort - O(n) vs O(n log n),Single pass loop for min/max,Sort array to find min/max,let max = arr[0]; for (x of arr) if (x > max) max = x,"arr.sort((a,b) => b-a)[0] // O(n log n)",Low,react-performance.csv
react-performance-41,JS Perf,Set Map Lookups,set map includes has,React/Next.js,Use Set/Map for O(1) lookups instead of array.includes(),Convert to Set for membership checks,Use .includes() for repeated checks,"const allowed = new Set(['a','b']); allowed.has(id)","const allowed = ['a','b']; allowed.includes(id)",Low-Medium,react-performance.csv
react-performance-42,JS Perf,toSorted Immutable,tosorted sort immutable,React/Next.js,Use toSorted() instead of sort() to avoid mutating arrays,Use toSorted() for immutability,Mutate arrays with sort(),"users.toSorted((a,b) => a.name.localeCompare(b.name))","users.sort((a,b) => a.name.localeCompare(b.name)) // mutates",Medium-High,react-performance.csv
react-performance-43,Advanced,Event Handler Refs,useeffectevent ref handler,React/Next.js,Store callbacks in refs for stable effect subscriptions,Use useEffectEvent for stable handlers,Re-subscribe on every callback change,"const onEvent = useEffectEvent(handler); useEffect(() => { listen(onEvent) }, [])","useEffect(() => { listen(handler) }, [handler]) // re-subscribes",Low,react-performance.csv
react-performance-44,Advanced,useLatest Hook,uselatest ref callback,React/Next.js,Access latest values in callbacks without adding to dependency arrays,Use useLatest for fresh values in stable callbacks,Add callback to effect dependencies,"const cbRef = useLatest(cb); useEffect(() => { setTimeout(() => cbRef.current()) }, [])","useEffect(() => { setTimeout(() => cb()) }, [cb]) // re-runs",Low,react-performance.csv